	model	semantic_class_detailed	pairid	expected	unexpected	diff	acc
0	distilbert/distilgpt2	AgEvo	4	0.4121728241443634	0.0254565421491861	0.3867162819951773	True
1	distilbert/distilgpt2	AgEvo	6	0.413616418838501	0.0651499032974243	0.34846651554107666	True
2	distilbert/distilgpt2	AgEvo	23	0.4584735333919525	0.0481746308505535	0.410298902541399	True
3	distilbert/distilgpt2	AgEvo	26	0.4330690801143646	0.0129788303747773	0.4200902497395873	True
4	distilbert/distilgpt2	AgEvo	40	0.3460990190505981	0.0447788573801517	0.3013201616704464	True
5	distilbert/distilgpt2	AgEvo	41	0.3724881410598755	0.042459201067686	0.3300289399921895	True
6	distilbert/distilgpt2	AgEvo	51	0.3838942945003509	0.011911628767848	0.3719826657325029	True
7	distilbert/distilgpt2	AgEvo	54	0.4419450759887695	0.033964455127716	0.40798062086105347	True
8	distilbert/distilgpt2	AgEvo	55	0.529594361782074	0.0167346987873315	0.5128596629947425	True
9	distilbert/distilgpt2	AgEvo	58	0.40236496925354	0.0076921745203435	0.3946727947331965	True
10	distilbert/distilgpt2	AgEvo	59	0.4648537933826446	0.0213883444666862	0.4434654489159584	True
11	distilbert/distilgpt2	AgEvo	63	0.4146438837051391	0.0356301292777061	0.379013754427433	True
12	distilbert/distilgpt2	AgEvo	66	0.4589878022670746	0.0281375832855701	0.4308502189815045	True
13	distilbert/distilgpt2	AgEvo	69	0.3683030903339386	0.0362912900745868	0.3320118002593518	True
14	distilbert/distilgpt2	AgEvo	71	0.4646876752376556	0.0093724075704813	0.4553152676671743	True
15	distilbert/distilgpt2	AgEvo	76	0.4303470849990845	0.0216216500848531	0.40872543491423136	True
16	distilbert/distilgpt2	AgEvo	83	0.3964580297470093	0.0076275984756648	0.3888304312713445	True
17	distilbert/distilgpt2	AgEvo	89	0.3698532283306122	0.0175145044922828	0.35233872383832937	True
18	distilbert/distilgpt2	AgEvo	90	0.5599668025970459	0.0199726894497871	0.5399941131472588	True
19	distilbert/distilgpt2	AgEvo	93	0.4466833174228668	0.0107609219849109	0.4359223954379559	True
20	distilbert/distilgpt2	AgEvo	94	0.4463676810264587	0.0129269603639841	0.4334407206624746	True
21	distilbert/distilgpt2	AgEvo	96	0.189689502120018	0.0110807940363883	0.17860870808362972	True
22	distilbert/distilgpt2	AgEvo	97	0.4481357336044311	0.0169253423810005	0.4312103912234306	True
23	distilbert/distilgpt2	AgEvo	107	0.5269864797592163	0.0207050535827875	0.5062814261764288	True
24	distilbert/distilgpt2	AgEvo	132	0.4909649491310119	0.0107433209195733	0.4802216282114386	True
25	distilbert/distilgpt2	AgEvo	147	0.529736340045929	0.0617312490940094	0.46800509095191956	True
26	distilbert/distilgpt2	AgEvo	160	0.4148541390895843	0.0085457889363169	0.4063083501532674	True
27	distilbert/distilgpt2	AgEvo	168	0.5765705704689026	0.0288904327899217	0.5476801376789809	True
28	distilbert/distilgpt2	AgEvo	186	0.4059993326663971	0.0064062341116368	0.3995930985547603	True
29	distilbert/distilgpt2	AgEvo	199	0.4654406309127807	0.0507591404020786	0.41468149051070213	True
30	distilbert/distilgpt2	AgEvo	209	0.5043702125549316	0.0058701056987047	0.4985001068562269	True
31	distilbert/distilgpt2	AgEvo	212	0.6210632920265198	0.0265612825751304	0.5945020094513894	True
32	distilbert/distilgpt2	AgEvo	213	0.413016527891159	0.0109951859340071	0.4020213419571519	True
33	distilbert/distilgpt2	AgEvo	222	0.4617546796798706	0.0208864901214838	0.4408681895583868	True
34	distilbert/distilgpt2	AgEvo	224	0.4416452348232269	0.0130347246304154	0.4286105101928115	True
35	distilbert/distilgpt2	AgEvo	227	0.4661697447299957	0.0183551795780658	0.4478145651519299	True
36	distilbert/distilgpt2	AgEvo	231	0.4079130887985229	0.020649941638112	0.3872631471604109	True
37	distilbert/distilgpt2	AgEvo	232	0.3373245298862457	0.0121324928477406	0.32519203703850513	True
38	distilbert/distilgpt2	AgEvo	238	0.5966648459434509	0.0219177510589361	0.5747470948845148	True
39	distilbert/distilgpt2	AgEvo	239	0.4464959502220154	0.0263504348695278	0.42014551535248756	True
40	distilbert/distilgpt2	AgEvo	240	0.4045779705047607	0.0160489100962877	0.388529060408473	True
41	distilbert/distilgpt2	AgEvo	245	0.5282971858978271	0.0042487415485084	0.5240484443493187	True
42	distilbert/distilgpt2	AgEvo	248	0.4314876198768616	0.0399402491748333	0.3915473707020283	True
43	distilbert/distilgpt2	AgEvo	249	0.4500547349452972	0.0411673970520496	0.4088873378932476	True
44	distilbert/distilgpt2	AgEvo	251	0.508224606513977	0.0213780961930751	0.4868465103209019	True
45	distilbert/distilgpt2	AgEvo	253	0.4773401319980621	0.029882613569498	0.44745751842856407	True
46	distilbert/distilgpt2	AgEvo	254	0.4474019706249237	0.0318425297737121	0.4155594408512116	True
47	distilbert/distilgpt2	AgEvo	260	0.485842227935791	0.0142482724040746	0.4715939555317164	True
48	distilbert/distilgpt2	AgEvo	261	0.4700688123703003	0.0570186153054237	0.4130501970648766	True
49	distilbert/distilgpt2	AgEvo	269	0.3621229529380798	0.0080039370805025	0.35411901585757727	True
50	distilbert/distilgpt2	AgEvo	270	0.41087806224823	0.0185423139482736	0.3923357482999564	True
51	distilbert/distilgpt2	AgEvo	275	0.5326911211013794	0.0386736206710338	0.4940175004303456	True
52	distilbert/distilgpt2	AgEvo	292	0.3368045389652252	0.0382992662489414	0.2985052727162838	True
53	distilbert/distilgpt2	AgEvo	293	0.5050705075263977	0.006938430480659	0.4981320770457387	True
54	distilbert/distilgpt2	AgEvo	298	0.4356099665164947	0.0122974477708339	0.4233125187456608	True
55	distilbert/distilgpt2	AgP	1	0.3697612285614013	0.3783270716667175	-0.008565843105316162	False
56	distilbert/distilgpt2	AgP	5	0.3376156687736511	0.2617375552654266	0.07587811350822454	True
57	distilbert/distilgpt2	AgP	8	0.37218177318573	0.3977198898792267	-0.025538116693496704	False
58	distilbert/distilgpt2	AgP	10	0.2535277307033539	0.2591660916805267	-0.005638360977172796	False
59	distilbert/distilgpt2	AgP	16	0.451826810836792	0.4462261497974396	0.005600661039352417	True
60	distilbert/distilgpt2	AgP	21	0.3071233332157135	0.3025860488414764	0.004537284374237116	True
61	distilbert/distilgpt2	AgP	28	0.444984883069992	0.466977059841156	-0.021992176771163996	False
62	distilbert/distilgpt2	AgP	32	0.4546185433864593	0.4702683687210083	-0.015649825334549006	False
63	distilbert/distilgpt2	AgP	34	0.470498114824295	0.4875807464122772	-0.017082631587982233	False
64	distilbert/distilgpt2	AgP	35	0.3955940306186676	0.3256572186946869	0.06993681192398071	True
65	distilbert/distilgpt2	AgP	38	0.4556244909763336	0.4760085344314575	-0.0203840434551239	False
66	distilbert/distilgpt2	AgP	45	0.4475612342357635	0.4593888223171234	-0.011827588081359919	False
67	distilbert/distilgpt2	AgP	47	0.3758232593536377	0.3771637678146362	-0.0013405084609984796	False
68	distilbert/distilgpt2	AgP	49	0.3363389670848846	0.3250878453254699	0.011251121759414673	True
69	distilbert/distilgpt2	AgP	50	0.4856141209602356	0.4823532402515411	0.0032608807086945135	True
70	distilbert/distilgpt2	AgP	52	0.5149412751197815	0.4980588257312774	0.016882449388504084	True
71	distilbert/distilgpt2	AgP	53	0.167535126209259	0.2521790266036987	-0.08464390039443967	False
72	distilbert/distilgpt2	AgP	57	0.4613347947597503	0.4612451195716858	8.967518806451968e-05	True
73	distilbert/distilgpt2	AgP	60	0.4268795847892761	0.4608983993530273	-0.034018814563751165	False
74	distilbert/distilgpt2	AgP	67	0.387259840965271	0.3929116129875183	-0.0056517720222473145	False
75	distilbert/distilgpt2	AgP	68	0.274032324552536	0.3036433756351471	-0.029611051082611084	False
76	distilbert/distilgpt2	AgP	72	0.5378719568252563	0.5138934850692749	0.023978471755981445	True
77	distilbert/distilgpt2	AgP	73	0.3804447948932647	0.3252478837966919	0.05519691109657282	True
78	distilbert/distilgpt2	AgP	78	0.3284281194210052	0.1893916875123977	0.13903643190860748	True
79	distilbert/distilgpt2	AgP	79	0.290904551744461	0.301613301038742	-0.010708749294281006	False
80	distilbert/distilgpt2	AgP	80	0.3909536004066467	0.380353033542633	0.010600566864013672	True
81	distilbert/distilgpt2	AgP	81	0.2917044460773468	0.245118036866188	0.04658640921115881	True
82	distilbert/distilgpt2	AgP	82	0.4282419383525848	0.4573110044002533	-0.029069066047668513	False
83	distilbert/distilgpt2	AgP	84	0.401954174041748	0.4267971813678741	-0.0248430073261261	False
84	distilbert/distilgpt2	AgP	85	0.3945786356925964	0.399029016494751	-0.0044503808021545965	False
85	distilbert/distilgpt2	AgP	87	0.2964036464691162	0.329280287027359	-0.0328766405582428	False
86	distilbert/distilgpt2	AgP	88	0.4418737590312958	0.4184644222259521	0.023409336805343683	True
87	distilbert/distilgpt2	AgP	91	0.342739462852478	0.3342290818691253	0.008510380983352717	True
88	distilbert/distilgpt2	AgP	98	0.3693434000015259	0.3628653883934021	0.006478011608123779	True
89	distilbert/distilgpt2	AgP	106	0.4078679978847503	0.4213038384914398	-0.013435840606689509	False
90	distilbert/distilgpt2	AgP	111	0.3307482898235321	0.3472152352333069	-0.01646694540977478	False
91	distilbert/distilgpt2	AgP	112	0.366360992193222	0.4228058755397796	-0.05644488334655762	False
92	distilbert/distilgpt2	AgP	116	0.2415043264627456	0.2890431582927704	-0.047538831830024775	False
93	distilbert/distilgpt2	AgP	117	0.4470984041690826	0.4309607446193695	0.01613765954971308	True
94	distilbert/distilgpt2	AgP	118	0.4207001030445099	0.3865737915039062	0.03412631154060369	True
95	distilbert/distilgpt2	AgP	127	0.4295215904712677	0.3994787335395813	0.0300428569316864	True
96	distilbert/distilgpt2	AgP	129	0.4293215274810791	0.4456824958324432	-0.01636096835136408	False
97	distilbert/distilgpt2	AgP	140	0.4215797483921051	0.4246681034564972	-0.00308835506439209	False
98	distilbert/distilgpt2	AgP	141	0.4704757928848266	0.4680857956409454	0.0023899972438812256	True
99	distilbert/distilgpt2	AgP	144	0.3819383084774017	0.4346257448196411	-0.052687436342239435	False
100	distilbert/distilgpt2	AgP	145	0.3878095149993896	0.4004803597927093	-0.012670844793319702	False
101	distilbert/distilgpt2	AgP	146	0.4281633198261261	0.4443445205688476	-0.016181200742721502	False
102	distilbert/distilgpt2	AgP	149	0.4746175110340118	0.4481020867824554	0.026515424251556396	True
103	distilbert/distilgpt2	AgP	150	0.4536684155464172	0.4440247118473053	0.009643703699111883	True
104	distilbert/distilgpt2	AgP	155	0.4515992999076843	0.4666909277439117	-0.015091627836227361	False
105	distilbert/distilgpt2	AgP	156	0.4287734627723694	0.4430590867996216	-0.014285624027252197	False
106	distilbert/distilgpt2	AgP	157	0.4510639011859894	0.4924891293048858	-0.04142522811889643	False
107	distilbert/distilgpt2	AgP	159	0.3389698266983032	0.3512490093708038	-0.012279182672500555	False
108	distilbert/distilgpt2	AgP	162	0.3714350163936615	0.4063683748245239	-0.03493335843086243	False
109	distilbert/distilgpt2	AgP	165	0.3965928852558136	0.4342644214630127	-0.0376715362071991	False
110	distilbert/distilgpt2	AgP	166	0.3883809447288513	0.3905105888843536	-0.002129644155502264	False
111	distilbert/distilgpt2	AgP	167	0.4092716872692108	0.3808210492134094	0.02845063805580139	True
112	distilbert/distilgpt2	AgP	169	0.4278984367847442	0.3498794436454773	0.07801899313926691	True
113	distilbert/distilgpt2	AgP	175	0.3113741278648376	0.3426062762737274	-0.031232148408889826	False
114	distilbert/distilgpt2	AgP	177	0.3920969069004059	0.3279183506965637	0.06417855620384216	True
115	distilbert/distilgpt2	AgP	184	0.4464439451694488	0.4888644218444824	-0.042420476675033625	False
116	distilbert/distilgpt2	AgP	185	0.4563193321228027	0.3816015422344208	0.0747177898883819	True
117	distilbert/distilgpt2	AgP	187	0.4363317787647247	0.4522496461868286	-0.015917867422103937	False
118	distilbert/distilgpt2	AgP	188	0.3770830035209656	0.4232006967067718	-0.04611769318580622	False
119	distilbert/distilgpt2	AgP	189	0.3564817905426025	0.3685074150562286	-0.012025624513626099	False
120	distilbert/distilgpt2	AgP	190	0.5051522850990295	0.4998790025711059	0.0052732825279236395	True
121	distilbert/distilgpt2	AgP	195	0.322533518075943	0.2812780439853668	0.04125547409057617	True
122	distilbert/distilgpt2	AgP	197	0.3805760443210602	0.4128018319606781	-0.03222578763961792	False
123	distilbert/distilgpt2	AgP	205	0.3206108510494232	0.3319968581199646	-0.011386007070541382	False
124	distilbert/distilgpt2	AgP	206	0.3907642066478729	0.3886780142784118	0.002086192369461115	True
125	distilbert/distilgpt2	AgP	210	0.414313405752182	0.4504986405372619	-0.0361852347850799	False
126	distilbert/distilgpt2	AgP	214	0.4549387693405151	0.4937422573566437	-0.038803488016128596	False
127	distilbert/distilgpt2	AgP	215	0.5079627633094788	0.5174477696418762	-0.009485006332397461	False
128	distilbert/distilgpt2	AgP	217	0.435600072145462	0.4201955199241638	0.015404552221298162	True
129	distilbert/distilgpt2	AgP	219	0.4112881422042846	0.410330981016159	0.0009571611881256104	True
130	distilbert/distilgpt2	AgP	220	0.4014720320701599	0.4082680940628052	-0.006796061992645264	False
131	distilbert/distilgpt2	AgP	225	0.3543717563152313	0.3837988674640655	-0.029427111148834173	False
132	distilbert/distilgpt2	AgP	226	0.3353316783905029	0.3564948439598083	-0.02116316556930542	False
133	distilbert/distilgpt2	AgP	228	0.4578571617603302	0.484357476234436	-0.02650031447410578	False
134	distilbert/distilgpt2	AgP	229	0.4327421188354492	0.4371116161346435	-0.00436949729919428	False
135	distilbert/distilgpt2	AgP	235	0.4319862425327301	0.335619181394577	0.09636706113815308	True
136	distilbert/distilgpt2	AgP	236	0.4197700321674347	0.4437403976917267	-0.023970365524291992	False
137	distilbert/distilgpt2	AgP	250	0.395557165145874	0.2210415154695511	0.17451564967632294	True
138	distilbert/distilgpt2	AgP	255	0.4041755497455597	0.4249377846717834	-0.0207622349262237	False
139	distilbert/distilgpt2	AgP	256	0.5026648044586182	0.5066673159599304	-0.004002511501312256	False
140	distilbert/distilgpt2	AgP	262	0.498906522989273	0.4985981583595276	0.0003083646297454279	True
141	distilbert/distilgpt2	AgP	265	0.4339573979377746	0.4275956153869629	0.006361782550811712	True
142	distilbert/distilgpt2	AgP	268	0.426867663860321	0.4893544912338257	-0.062486827373504694	False
143	distilbert/distilgpt2	AgP	272	0.5581215023994446	0.5543733835220337	0.0037481188774108887	True
144	distilbert/distilgpt2	AgP	274	0.4643417298793793	0.4726713895797729	-0.008329659700393621	False
145	distilbert/distilgpt2	AgP	278	0.3888671994209289	0.2749731838703155	0.1138940155506134	True
146	distilbert/distilgpt2	AgP	280	0.4532520473003387	0.4506191909313202	0.002632856369018499	True
147	distilbert/distilgpt2	AgP	281	0.435649037361145	0.411598265171051	0.024050772190093994	True
148	distilbert/distilgpt2	AgP	294	0.5228165984153748	0.4558383226394653	0.06697827577590948	True
149	distilbert/distilgpt2	AgP	296	0.2214511632919311	0.2373387515544891	-0.01588758826255801	False
150	distilbert/distilgpt2	AgP	305	0.458538144826889	0.4573419690132141	0.0011961758136748712	True
151	distilbert/distilgpt2	ExpStim	3	0.3407123386859894	0.0245418604463338	0.3161704782396556	True
152	distilbert/distilgpt2	ExpStim	7	0.5373753905296326	0.0227536745369434	0.5146217159926891	True
153	distilbert/distilgpt2	ExpStim	9	0.4362945854663849	0.0366765893995761	0.3996179960668088	True
154	distilbert/distilgpt2	ExpStim	27	0.5097330808639526	0.0207136645913124	0.48901941627264023	True
155	distilbert/distilgpt2	ExpStim	37	0.4174895584583282	0.0326744429767131	0.38481511548161507	True
156	distilbert/distilgpt2	ExpStim	62	0.4308213591575622	0.0412643253803253	0.3895570337772369	True
157	distilbert/distilgpt2	ExpStim	95	0.4271387457847595	0.0328976735472679	0.3942410722374916	True
158	distilbert/distilgpt2	ExpStim	99	0.4709565639495849	0.0242963694036006	0.4466601945459843	True
159	distilbert/distilgpt2	ExpStim	100	0.4403963983058929	0.0108018172904849	0.429594581015408	True
160	distilbert/distilgpt2	ExpStim	103	0.3762603998184204	0.0388833805918693	0.3373770192265511	True
161	distilbert/distilgpt2	ExpStim	105	0.5086219310760498	0.0215745028108358	0.487047428265214	True
162	distilbert/distilgpt2	ExpStim	110	0.4436460733413696	0.0043965014629065	0.4392495718784631	True
163	distilbert/distilgpt2	ExpStim	113	0.3791393935680389	0.0188955627381801	0.3602438308298588	True
164	distilbert/distilgpt2	ExpStim	114	0.4938811957836151	0.0203364212065935	0.4735447745770216	True
165	distilbert/distilgpt2	ExpStim	126	0.4523425102233886	0.038346204906702	0.41399630531668663	True
166	distilbert/distilgpt2	ExpStim	128	0.4649558663368225	0.0124045042321085	0.45255136210471403	True
167	distilbert/distilgpt2	ExpStim	135	0.4366600811481476	0.0178279634565114	0.4188321176916362	True
168	distilbert/distilgpt2	ExpStim	137	0.4250260591506958	0.0215869434177875	0.4034391157329083	True
169	distilbert/distilgpt2	ExpStim	139	0.3250523507595062	0.0188230816274881	0.30622926913201814	True
170	distilbert/distilgpt2	ExpStim	148	0.4276289939880371	0.0694671273231506	0.35816186666488653	True
171	distilbert/distilgpt2	ExpStim	163	0.5060694813728333	0.0346045531332492	0.4714649282395841	True
172	distilbert/distilgpt2	ExpStim	171	0.5028043389320374	0.0566227026283741	0.44618163630366325	True
173	distilbert/distilgpt2	ExpStim	191	0.5283883810043335	0.0351514220237731	0.4932369589805604	True
174	distilbert/distilgpt2	ExpStim	192	0.42864790558815	0.0305481757968664	0.3980997297912836	True
175	distilbert/distilgpt2	ExpStim	193	0.559325098991394	0.0202325601130723	0.5390925388783218	True
176	distilbert/distilgpt2	ExpStim	198	0.3826157748699188	0.0658690258860588	0.31674674898386	True
177	distilbert/distilgpt2	ExpStim	201	0.4486199617385864	0.0130930189043283	0.43552694283425814	True
178	distilbert/distilgpt2	ExpStim	204	0.4537247717380523	0.0393005795776844	0.4144241921603679	True
179	distilbert/distilgpt2	ExpStim	216	0.5067952871322632	0.0238241143524646	0.48297117277979856	True
180	distilbert/distilgpt2	ExpStim	223	0.4704510271549225	0.0319227054715156	0.4385283216834069	True
181	distilbert/distilgpt2	ExpStim	234	0.4564079046249389	0.0123489815741777	0.4440589230507612	True
182	distilbert/distilgpt2	ExpStim	242	0.4162416756153106	0.0086678871884942	0.4075737884268164	True
183	distilbert/distilgpt2	ExpStim	243	0.4700278341770172	0.0159258544445037	0.45410197973251354	True
184	distilbert/distilgpt2	ExpStim	244	0.4497754871845245	0.0445428006350994	0.40523268654942507	True
185	distilbert/distilgpt2	ExpStim	276	0.346244066953659	0.02927759103477	0.316966475918889	True
186	distilbert/distilgpt2	ExpStim	277	0.4217643439769745	0.0292097497731447	0.39255459420382977	True
187	distilbert/distilgpt2	ExpStim	282	0.36463263630867	0.0128280753269791	0.3518045609816909	True
188	distilbert/distilgpt2	ExpStim	284	0.3625504374504089	0.0417664647102355	0.3207839727401734	True
189	distilbert/distilgpt2	ExpStim	289	0.49733567237854	0.0095937484875321	0.4877419238910079	True
190	distilbert/distilgpt2	ExpStim	290	0.385715901851654	0.014301024377346	0.371414877474308	True
191	distilbert/distilgpt2	ExpStim	295	0.5309761166572571	0.0382267870008945	0.4927493296563626	True
192	distilbert/distilgpt2	ExpStim	300	0.3878775238990783	0.0346573702991008	0.3532201535999775	True
193	distilbert/distilgpt2	ExpStim	301	0.4376936256885528	0.0769515186548233	0.3607421070337295	True
194	distilbert/distilgpt2	ExpStim	304	0.384726881980896	0.0502291880548	0.334497693926096	True
195	distilbert/distilgpt2	StimExp	2	0.5023841261863708	0.4845421314239502	0.017841994762420654	True
196	distilbert/distilgpt2	StimExp	11	0.4230805933475494	0.3888793885707855	0.03420120477676386	True
197	distilbert/distilgpt2	StimExp	12	0.4345584511756897	0.4217102825641632	0.01284816861152649	True
198	distilbert/distilgpt2	StimExp	13	0.390004426240921	0.3738734424114227	0.016130983829498347	True
199	distilbert/distilgpt2	StimExp	14	0.4522489607334137	0.4402269124984741	0.012022048234939575	True
200	distilbert/distilgpt2	StimExp	15	0.3723598420619964	0.382085382938385	-0.009725540876388605	False
201	distilbert/distilgpt2	StimExp	17	0.4793877005577087	0.5248973965644836	-0.04550969600677496	False
202	distilbert/distilgpt2	StimExp	18	0.3579855561256408	0.3601565361022949	-0.0021709799766541082	False
203	distilbert/distilgpt2	StimExp	19	0.4183215200901031	0.4712078273296356	-0.052886307239532526	False
204	distilbert/distilgpt2	StimExp	20	0.4359309077262878	0.4541946649551391	-0.01826375722885132	False
205	distilbert/distilgpt2	StimExp	22	0.4142840206623077	0.4241364598274231	-0.009852439165115412	False
206	distilbert/distilgpt2	StimExp	24	0.4443156123161316	0.4479784965515136	-0.0036628842353820246	False
207	distilbert/distilgpt2	StimExp	25	0.4240822494029999	0.4483795762062073	-0.024297326803207397	False
208	distilbert/distilgpt2	StimExp	29	0.4409917593002319	0.4438647925853729	-0.0028730332851410467	False
209	distilbert/distilgpt2	StimExp	30	0.4308120906352997	0.4709276854991913	-0.0401155948638916	False
210	distilbert/distilgpt2	StimExp	31	0.4823314547538757	0.4991507232189178	-0.016819268465042114	False
211	distilbert/distilgpt2	StimExp	33	0.4059889614582062	0.4011637270450592	0.004825234413146973	True
212	distilbert/distilgpt2	StimExp	36	0.3086903989315033	0.3198258578777313	-0.011135458946228027	False
213	distilbert/distilgpt2	StimExp	39	0.4274955987930298	0.4284414649009704	-0.0009458661079406183	False
214	distilbert/distilgpt2	StimExp	42	0.3697123527526855	0.376471608877182	-0.0067592561244965155	False
215	distilbert/distilgpt2	StimExp	43	0.4781323075294494	0.4584437906742096	0.019688516855239813	True
216	distilbert/distilgpt2	StimExp	44	0.5014671087265015	0.4958906769752502	0.005576431751251276	True
217	distilbert/distilgpt2	StimExp	46	0.3572568297386169	0.3650457262992859	-0.007788896560669001	False
218	distilbert/distilgpt2	StimExp	48	0.4961664378643036	0.5051406621932983	-0.008974224328994751	False
219	distilbert/distilgpt2	StimExp	56	0.5187702178955078	0.5720314979553223	-0.05326128005981445	False
220	distilbert/distilgpt2	StimExp	61	0.4402785003185272	0.461050420999527	-0.020771920680999756	False
221	distilbert/distilgpt2	StimExp	64	0.3817796409130096	0.309605211019516	0.0721744298934936	True
222	distilbert/distilgpt2	StimExp	65	0.4149043262004852	0.39466392993927	0.020240396261215154	True
223	distilbert/distilgpt2	StimExp	70	0.3602705597877502	0.3231439888477325	0.0371265709400177	True
224	distilbert/distilgpt2	StimExp	74	0.4260267615318298	0.4139680564403534	0.012058705091476385	True
225	distilbert/distilgpt2	StimExp	75	0.3812467157840729	0.2404136508703231	0.14083306491374978	True
226	distilbert/distilgpt2	StimExp	77	0.4307102560997009	0.4560699164867401	-0.025359660387039185	False
227	distilbert/distilgpt2	StimExp	86	0.5105085372924805	0.5315950512886047	-0.021086513996124268	False
228	distilbert/distilgpt2	StimExp	92	0.4002324938774109	0.4273225665092468	-0.027090072631835938	False
229	distilbert/distilgpt2	StimExp	101	0.4454674422740936	0.4485519230365753	-0.003084480762481745	False
230	distilbert/distilgpt2	StimExp	102	0.4323637783527374	0.4173708856105804	0.014992892742157038	True
231	distilbert/distilgpt2	StimExp	104	0.3554032444953918	0.3825428783893585	-0.02713963389396673	False
232	distilbert/distilgpt2	StimExp	108	0.467902660369873	0.4794304370880127	-0.011527776718139704	False
233	distilbert/distilgpt2	StimExp	109	0.3448828458786011	0.3956204354763031	-0.050737589597702026	False
234	distilbert/distilgpt2	StimExp	115	0.399301528930664	0.4274669289588928	-0.028165400028228815	False
235	distilbert/distilgpt2	StimExp	119	0.3860001862049103	0.3971771001815796	-0.011176913976669312	False
236	distilbert/distilgpt2	StimExp	120	0.3364589214324951	0.372684895992279	-0.03622597455978388	False
237	distilbert/distilgpt2	StimExp	121	0.3964892625808716	0.4027301371097564	-0.006240874528884832	False
238	distilbert/distilgpt2	StimExp	122	0.4552547633647918	0.4912056028842926	-0.03595083951950079	False
239	distilbert/distilgpt2	StimExp	123	0.3835055232048034	0.4311001896858215	-0.047594666481018066	False
240	distilbert/distilgpt2	StimExp	124	0.3576003611087799	0.3980878293514251	-0.04048746824264521	False
241	distilbert/distilgpt2	StimExp	125	0.4181425273418426	0.3738519549369812	0.044290572404861395	True
242	distilbert/distilgpt2	StimExp	130	0.4326207041740417	0.4291445910930633	0.0034761130809783936	True
243	distilbert/distilgpt2	StimExp	131	0.4558478593826294	0.4429753422737121	0.012872517108917292	True
244	distilbert/distilgpt2	StimExp	133	0.3472294807434082	0.2623896896839142	0.08483979105949402	True
245	distilbert/distilgpt2	StimExp	134	0.3494097590446472	0.3299664556980133	0.01944330334663391	True
246	distilbert/distilgpt2	StimExp	136	0.4767422378063202	0.4683302044868469	0.008412033319473267	True
247	distilbert/distilgpt2	StimExp	138	0.5057190656661987	0.4916117489337921	0.014107316732406616	True
248	distilbert/distilgpt2	StimExp	142	0.4567542970180511	0.4996082186698913	-0.04285392165184021	False
249	distilbert/distilgpt2	StimExp	143	0.4698365032672882	0.4366102516651153	0.03322625160217291	True
250	distilbert/distilgpt2	StimExp	151	0.4970734119415283	0.5024267435073853	-0.005353331565856934	False
251	distilbert/distilgpt2	StimExp	152	0.4068949222564697	0.3996739983558655	0.007220923900604248	True
252	distilbert/distilgpt2	StimExp	153	0.4638907015323639	0.4847018718719482	-0.020811170339584295	False
253	distilbert/distilgpt2	StimExp	154	0.4601864814758301	0.4642392694950104	-0.004052788019180298	False
254	distilbert/distilgpt2	StimExp	158	0.5194897651672363	0.4266104996204376	0.0928792655467987	True
255	distilbert/distilgpt2	StimExp	161	0.4899380505084991	0.4920510649681091	-0.0021130144596099854	False
256	distilbert/distilgpt2	StimExp	164	0.4026429951190948	0.3791984915733337	0.02344450354576111	True
257	distilbert/distilgpt2	StimExp	170	0.3418460190296173	0.3523300588130951	-0.010484039783477783	False
258	distilbert/distilgpt2	StimExp	172	0.4601825773715973	0.4563184678554535	0.003864109516143799	True
259	distilbert/distilgpt2	StimExp	173	0.4454816281795501	0.4707004129886627	-0.025218784809112604	False
260	distilbert/distilgpt2	StimExp	174	0.3490497767925262	0.3382450938224792	0.010804682970046997	True
261	distilbert/distilgpt2	StimExp	176	0.5209236145019531	0.4954758584499359	0.025447756052017212	True
262	distilbert/distilgpt2	StimExp	178	0.4296750128269195	0.3941475450992584	0.03552746772766108	True
263	distilbert/distilgpt2	StimExp	179	0.4257383644580841	0.4450667202472687	-0.01932835578918457	False
264	distilbert/distilgpt2	StimExp	180	0.3931032121181488	0.3498794436454773	0.04322376847267151	True
265	distilbert/distilgpt2	StimExp	181	0.4964098632335663	0.4836101233959198	0.012799739837646484	True
266	distilbert/distilgpt2	StimExp	182	0.3720094561576843	0.3689364790916443	0.003072977066040039	True
267	distilbert/distilgpt2	StimExp	183	0.4237314164638519	0.4393867552280426	-0.01565533876419073	False
268	distilbert/distilgpt2	StimExp	194	0.4363729357719421	0.4305410087108612	0.005831927061080877	True
269	distilbert/distilgpt2	StimExp	196	0.4337530434131622	0.470296561717987	-0.03654351830482483	False
270	distilbert/distilgpt2	StimExp	200	0.4321279525756836	0.4098046422004699	0.02232331037521368	True
271	distilbert/distilgpt2	StimExp	202	0.4301283657550812	0.468526154756546	-0.038397789001464844	False
272	distilbert/distilgpt2	StimExp	203	0.3644031584262848	0.371665894985199	-0.007262736558914185	False
273	distilbert/distilgpt2	StimExp	207	0.5154361724853516	0.4430316090583801	0.07240456342697144	True
274	distilbert/distilgpt2	StimExp	208	0.4129880964756012	0.4225193858146667	-0.009531289339065496	False
275	distilbert/distilgpt2	StimExp	211	0.3908255398273468	0.4219310581684112	-0.031105518341064398	False
276	distilbert/distilgpt2	StimExp	218	0.3902438879013061	0.4486058056354522	-0.05836191773414612	False
277	distilbert/distilgpt2	StimExp	221	0.3961873352527618	0.4383159875869751	-0.04212865233421331	False
278	distilbert/distilgpt2	StimExp	230	0.3059651553630829	0.3273277878761291	-0.02136263251304621	False
279	distilbert/distilgpt2	StimExp	233	0.4713476300239563	0.4447037279605865	0.026643902063369806	True
280	distilbert/distilgpt2	StimExp	237	0.2966310381889343	0.250426173210144	0.04620486497879034	True
281	distilbert/distilgpt2	StimExp	241	0.4208003878593445	0.464532196521759	-0.043731808662414495	False
282	distilbert/distilgpt2	StimExp	246	0.3267460465431213	0.3324678242206573	-0.005721777677536011	False
283	distilbert/distilgpt2	StimExp	247	0.3631388247013092	0.3838874697685241	-0.02074864506721491	False
284	distilbert/distilgpt2	StimExp	252	0.5000874996185303	0.493050217628479	0.0070372819900512695	True
285	distilbert/distilgpt2	StimExp	257	0.4321556985378265	0.4262137711048126	0.0059419274330138605	True
286	distilbert/distilgpt2	StimExp	258	0.4487402737140655	0.4258597791194916	0.02288049459457392	True
287	distilbert/distilgpt2	StimExp	259	0.4572721719741821	0.4748681485652923	-0.01759597659111023	False
288	distilbert/distilgpt2	StimExp	263	0.3945383727550506	0.4456581175327301	-0.0511197447776795	False
289	distilbert/distilgpt2	StimExp	264	0.4101845324039459	0.4157539904117584	-0.0055694580078125	False
290	distilbert/distilgpt2	StimExp	266	0.3963029980659485	0.39431232213974	0.001990675926208496	True
291	distilbert/distilgpt2	StimExp	267	0.398834615945816	0.4003306329250335	-0.0014960169792175293	False
292	distilbert/distilgpt2	StimExp	271	0.5173404812812805	0.4999478459358215	0.01739263534545904	True
293	distilbert/distilgpt2	StimExp	273	0.3544660806655884	0.3776437640190124	-0.023177683353424017	False
294	distilbert/distilgpt2	StimExp	279	0.4844213724136352	0.5035850405693054	-0.01916366815567022	False
295	distilbert/distilgpt2	StimExp	283	0.4283095896244049	0.443179726600647	-0.014870136976242065	False
296	distilbert/distilgpt2	StimExp	285	0.3718423843383789	0.370829313993454	0.0010130703449249268	True
297	distilbert/distilgpt2	StimExp	286	0.3751906156539917	0.384173721075058	-0.008983105421066284	False
298	distilbert/distilgpt2	StimExp	287	0.3804715275764465	0.4190699756145477	-0.038598448038101196	False
299	distilbert/distilgpt2	StimExp	288	0.3644049167633056	0.3782826662063598	-0.0138777494430542	False
300	distilbert/distilgpt2	StimExp	291	0.5095203518867493	0.5032945871353149	0.006225764751434326	True
301	distilbert/distilgpt2	StimExp	297	0.3231726586818695	0.3517752885818481	-0.028602629899978582	False
302	distilbert/distilgpt2	StimExp	299	0.3813398778438568	0.4051085114479065	-0.023768633604049683	False
303	distilbert/distilgpt2	StimExp	302	0.3982127010822296	0.4163913428783417	-0.01817864179611206	False
304	distilbert/distilgpt2	StimExp	303	0.3775736093521118	0.3784498870372772	-0.0008762776851654053	False
